date,store_nbr,transactions,id,family,sales
2013-01-02,41,915,2946,DELI,206.435
2013-01-03,41,809,4728,DELI,149.618
2013-01-04,41,835,6510,DELI,112.590004
2013-01-05,41,1021,8292,DELI,161.583
2013-01-06,41,1142,10074,DELI,228.133
2013-01-07,41,744,11856,DELI,106.425
2013-01-08,41,764,13638,DELI,112.373
2013-01-09,41,749,15420,DELI,92.121
2013-01-10,41,649,17202,DELI,95.514
2013-01-11,41,686,18984,DELI,105.263
2013-01-12,41,861,20766,DELI,108.956
2013-01-13,41,1120,22548,DELI,222.36101
2013-01-14,41,739,24330,DELI,116.455
2013-01-15,41,693,26112,DELI,116.18
2013-01-16,41,736,27894,DELI,119.347
2013-01-17,41,728,29676,DELI,122.483
2013-01-18,41,727,31458,DELI,106.361
2013-01-19,41,952,33240,DELI,155.752
2013-01-20,41,1020,35022,DELI,201.987
2013-01-21,41,715,36804,DELI,103.26
2013-01-22,41,646,38586,DELI,91.503
2013-01-23,41,722,40368,DELI,97.227
2013-01-24,41,693,42150,DELI,83.272
2013-01-25,41,750,43932,DELI,95.511
2013-01-26,41,978,45714,DELI,130.689
2013-01-27,41,1126,47496,DELI,199.621
2013-01-28,41,740,49278,DELI,106.813
2013-01-29,41,680,51060,DELI,94.458
2013-01-30,41,693,52842,DELI,106.518
2013-01-31,41,728,54624,DELI,108.442
2013-02-01,41,751,56406,DELI,115.581
2013-02-02,41,1058,58188,DELI,180.569
2013-02-03,41,1204,59970,DELI,214.088
2013-02-04,41,826,61752,DELI,101.35
2013-02-05,41,763,63534,DELI,107.738
2013-02-06,41,760,65316,DELI,96.712
2013-02-07,41,736,67098,DELI,91.077
2013-02-08,41,825,68880,DELI,117.332
2013-02-09,41,1094,70662,DELI,194.724
2013-02-10,41,855,72444,DELI,132.615
2013-02-11,41,738,74226,DELI,99.155
2013-02-12,41,759,76008,DELI,111.728
2013-02-13,41,888,77790,DELI,130.007
2013-02-14,41,1028,79572,DELI,86.141
2013-02-15,41,768,81354,DELI,126.762
2013-02-16,41,1050,83136,DELI,150.648
2013-02-17,41,1033,84918,DELI,181.13
2013-02-18,41,777,86700,DELI,131.664
2013-02-19,41,724,88482,DELI,89.677
2013-02-20,41,795,90264,DELI,109.767
2013-02-21,41,726,92046,DELI,88.312
2013-02-22,41,765,93828,DELI,133.249
2013-02-23,41,880,95610,DELI,136.229
2013-02-24,41,1032,97392,DELI,182.717
2013-02-25,41,780,99174,DELI,106.013
2013-02-26,41,679,100956,DELI,101.304
2013-02-27,41,727,102738,DELI,93.154
2013-02-28,41,731,104520,DELI,102.091
2013-03-01,41,766,106302,DELI,116.58
2013-03-02,41,1085,108084,DELI,184.45801
2013-03-03,41,1222,109866,DELI,215.598
2013-03-04,41,786,111648,DELI,159.239
2013-03-05,41,737,113430,DELI,105.541
2013-03-06,41,820,115212,DELI,111.61
2013-03-07,41,775,116994,DELI,112.241
2013-03-08,41,827,118776,DELI,118.199
2013-03-09,41,1007,120558,DELI,171.936
2013-03-10,41,1052,122340,DELI,181.533
2013-03-11,41,776,124122,DELI,148.97
2013-03-12,41,705,125904,DELI,109.019
2013-03-13,41,835,127686,DELI,100.599
2013-03-14,41,702,129468,DELI,105.699
2013-03-15,41,810,131250,DELI,123.139
2013-03-16,41,949,133032,DELI,127.064
2013-03-17,41,1159,134814,DELI,242.524
2013-03-18,41,766,136596,DELI,129.345
2013-03-19,41,817,138378,DELI,129.993
2013-03-20,41,824,140160,DELI,123.78
2013-03-21,41,657,141942,DELI,89.246
2013-03-22,41,758,143724,DELI,95.421
2013-03-23,41,974,145506,DELI,168.758
2013-03-24,41,985,147288,DELI,177.32
2013-03-25,41,816,149070,DELI,151.464
2013-03-26,41,735,150852,DELI,84.997
2013-03-27,41,742,152634,DELI,112.973
2013-03-28,41,924,154416,DELI,124.781
2013-03-29,41,881,156198,DELI,125.31
2013-03-30,41,1019,157980,DELI,151.593
2013-03-31,41,1009,159762,DELI,209.522
2013-04-01,41,904,161544,DELI,169.544
2013-04-02,41,865,163326,DELI,149.584
2013-04-03,41,874,165108,DELI,128.852
2013-04-04,41,793,166890,DELI,129.399
2013-04-05,41,776,168672,DELI,131.701
2013-04-06,41,1006,170454,DELI,169.226
2013-04-07,41,1113,172236,DELI,220.838
2013-04-08,41,765,174018,DELI,135.203
2013-04-09,41,792,175800,DELI,112.25
2013-04-10,41,775,177582,DELI,128.273
2013-04-11,41,765,179364,DELI,113.036
2013-04-12,41,741,181146,DELI,120.757
2013-04-13,41,982,182928,DELI,124.782
2013-04-14,41,1118,184710,DELI,209.198
2013-04-15,41,809,186492,DELI,119.303
2013-04-16,41,782,188274,DELI,126.803
2013-04-17,41,816,190056,DELI,127.275
2013-04-18,41,737,191838,DELI,110.703
2013-04-19,41,713,193620,DELI,92.685
2013-04-20,41,982,195402,DELI,135.149
2013-04-21,41,1093,197184,DELI,193.332
2013-04-22,41,762,198966,DELI,132.695
2013-04-23,41,835,200748,DELI,142.548
2013-04-24,41,757,202530,DELI,125.406
2013-04-25,41,686,204312,DELI,112.242
2013-04-26,41,786,206094,DELI,114.386
2013-04-27,41,988,207876,DELI,151.23601
2013-04-28,41,1125,209658,DELI,208.934
2013-04-29,41,744,211440,DELI,111.83
2013-04-30,41,794,213222,DELI,151.875
2013-05-01,41,1136,215004,DELI,230.009
2013-05-02,41,765,216786,DELI,156.05
2013-05-03,41,779,218568,DELI,114.352
2013-05-04,41,995,220350,DELI,237.72299
2013-05-05,41,1369,222132,DELI,326.944
2013-05-06,41,817,223914,DELI,196.707
2013-05-07,41,764,225696,DELI,109.718
2013-05-08,41,812,227478,DELI,142.017
2013-05-09,41,795,229260,DELI,103.686
2013-05-10,41,853,231042,DELI,147.235
2013-05-11,41,1386,232824,DELI,227.592
2013-05-12,41,1324,234606,DELI,227.257
2013-05-13,41,778,236388,DELI,140.951
2013-05-14,41,777,238170,DELI,120.965
2013-05-15,41,738,239952,DELI,124.078
2013-05-16,41,695,241734,DELI,122.952
2013-05-17,41,772,243516,DELI,105.823
2013-05-18,41,1013,245298,DELI,232.277
2013-05-19,41,1142,247080,DELI,281.062
2013-05-20,41,756,248862,DELI,110.321
2013-05-21,41,758,250644,DELI,136.463
2013-05-22,41,754,252426,DELI,124.341
2013-05-23,41,678,254208,DELI,92.015
2013-05-24,41,940,255990,DELI,188.335
2013-05-25,41,1024,257772,DELI,207.975
2013-05-26,41,1155,259554,DELI,317.061
2013-05-27,41,722,261336,DELI,133.373
2013-05-28,41,775,263118,DELI,147.915
2013-05-29,41,805,264900,DELI,112.135
2013-05-30,41,817,266682,DELI,167.473
2013-05-31,41,799,268464,DELI,128.09
2013-06-01,41,1077,270246,DELI,224.427
2013-06-02,41,1367,272028,DELI,362.139
2013-06-03,41,853,273810,DELI,171.039
2013-06-04,41,734,275592,DELI,127.792
2013-06-05,41,820,277374,DELI,138.4
2013-06-06,41,760,279156,DELI,132.24
2013-06-07,41,753,280938,DELI,124.206
2013-06-08,41,1029,282720,DELI,173.573
2013-06-09,41,1228,284502,DELI,294.935
2013-06-10,41,714,286284,DELI,137.14
2013-06-11,41,712,288066,DELI,98.008
2013-06-12,41,738,289848,DELI,138.953
2013-06-13,41,710,291630,DELI,111.36
2013-06-14,41,752,293412,DELI,122.344
2013-06-15,41,1187,295194,DELI,196.464
2013-06-16,41,1157,296976,DELI,222.832
2013-06-17,41,773,298758,DELI,164.615
2013-06-18,41,784,300540,DELI,139.904
2013-06-19,41,745,302322,DELI,120.547
2013-06-20,41,756,304104,DELI,110.981
2013-06-21,41,692,305886,DELI,110.028
2013-06-22,41,941,307668,DELI,146.647
2013-06-23,41,1146,309450,DELI,216.605
2013-06-24,41,738,311232,DELI,150.45
2013-06-25,41,804,313014,DELI,143.834
2013-06-26,41,792,314796,DELI,134.453
2013-06-27,41,689,316578,DELI,106.953
2013-06-28,41,719,318360,DELI,145.213
2013-06-29,41,1042,320142,DELI,207.339
2013-06-30,41,1159,321924,DELI,286.716
2013-07-01,41,872,323706,DELI,223.815
2013-07-02,41,847,325488,DELI,156.78
2013-07-03,41,829,327270,DELI,101.426
2013-07-04,41,794,329052,DELI,120.879
2013-07-05,41,778,330834,DELI,126.061
2013-07-06,41,1037,332616,DELI,177.53
2013-07-07,41,1314,334398,DELI,262.424
2013-07-08,41,802,336180,DELI,124.32
2013-07-09,41,757,337962,DELI,130.828
2013-07-10,41,749,339744,DELI,128.596
2013-07-11,41,684,341526,DELI,109.201
2013-07-12,41,784,343308,DELI,137.14
2013-07-13,41,1039,345090,DELI,198.194
2013-07-14,41,1189,346872,DELI,241.902
2013-07-15,41,746,348654,DELI,143.917
2013-07-16,41,764,350436,DELI,130.197
2013-07-17,41,798,352218,DELI,156.278
2013-07-18,41,728,354000,DELI,97.966
2013-07-19,41,791,355782,DELI,120.796
2013-07-20,41,1009,357564,DELI,154.887
2013-07-21,41,1253,359346,DELI,262.811
2013-07-22,41,773,361128,DELI,142.607
2013-07-23,41,777,362910,DELI,124.388
2013-07-24,41,774,364692,DELI,108.23
2013-07-25,41,791,366474,DELI,124.898
2013-07-26,41,812,368256,DELI,136.88
2013-07-27,41,993,370038,DELI,165.105
2013-07-28,41,1174,371820,DELI,272.527
2013-07-29,41,740,373602,DELI,126.089
2013-07-30,41,752,375384,DELI,139.581
2013-07-31,41,846,377166,DELI,172.173
2013-08-01,41,827,378948,DELI,169.119
2013-08-02,41,869,380730,DELI,148.255
2013-08-03,41,1156,382512,DELI,202.328
2013-08-04,41,1300,384294,DELI,289.223
2013-08-05,41,888,386076,DELI,162.796
2013-08-06,41,869,387858,DELI,139.424
2013-08-07,41,808,389640,DELI,130.251
2013-08-08,41,788,391422,DELI,120.467
2013-08-09,41,829,393204,DELI,112.876
2013-08-10,41,1080,394986,DELI,191.977
2013-08-11,41,1205,396768,DELI,279.111
2013-08-12,41,820,398550,DELI,161.582
2013-08-13,41,784,400332,DELI,136.591
2013-08-14,41,836,402114,DELI,129.594
2013-08-15,41,810,403896,DELI,110.793
2013-08-16,41,900,405678,DELI,153.071
2013-08-17,41,1005,407460,DELI,200.024
2013-08-18,41,1282,409242,DELI,245.347
2013-08-19,41,830,411024,DELI,155.808
2013-08-20,41,833,412806,DELI,121.924
2013-08-21,41,863,414588,DELI,92.453
2013-08-22,41,750,416370,DELI,78.461
2013-08-23,41,810,418152,DELI,108.237
2013-08-24,41,1051,419934,DELI,168.705
2013-08-25,41,1195,421716,DELI,206.995
2013-08-26,41,802,423498,DELI,109.765
2013-08-27,41,760,425280,DELI,134.565
2013-08-28,41,842,427062,DELI,130.642
2013-08-29,41,760,428844,DELI,97.623
2013-08-30,41,780,430626,DELI,114.506
2013-08-31,41,1134,432408,DELI,197.324
2013-09-01,41,1292,434190,DELI,283.474
2013-09-02,41,861,435972,DELI,166.566
2013-09-03,41,832,437754,DELI,160.352
2013-09-04,41,878,439536,DELI,156.721
2013-09-05,41,855,441318,DELI,136.989
2013-09-06,41,797,443100,DELI,123.931
2013-09-07,41,1057,444882,DELI,188.703
2013-09-08,41,1157,446664,DELI,233.229
2013-09-09,41,824,448446,DELI,164.489
2013-09-10,41,829,450228,DELI,107.224
2013-09-11,41,913,452010,DELI,128.022
2013-09-12,41,740,453792,DELI,113.562
2013-09-13,41,840,455574,DELI,116.754
2013-09-14,41,1112,457356,DELI,168.413
2013-09-15,41,1241,459138,DELI,276.227
2013-09-16,41,794,460920,DELI,132.568
2013-09-17,41,837,462702,DELI,173.008
2013-09-18,41,803,464484,DELI,142.232
2013-09-19,41,744,466266,DELI,116.265
2013-09-20,41,871,468048,DELI,126.945
2013-09-21,41,1021,469830,DELI,175.283
2013-09-22,41,1093,471612,DELI,328.073
2013-09-23,41,737,473394,DELI,152.828
2013-09-24,41,749,475176,DELI,128.216
2013-09-25,41,837,476958,DELI,142.448
2013-09-26,41,777,478740,DELI,92.388
2013-09-27,41,807,480522,DELI,155.45
2013-09-28,41,1015,482304,DELI,177.866
2013-09-29,41,1132,484086,DELI,209.707
2013-09-30,41,807,485868,DELI,169.361
2013-10-01,41,837,487650,DELI,163.64
2013-10-02,41,907,489432,DELI,178.335
2013-10-03,41,834,491214,DELI,105.596
2013-10-04,41,864,492996,DELI,155.579
2013-10-05,41,1011,494778,DELI,207.813
2013-10-06,41,1104,496560,DELI,219.456
2013-10-07,41,875,498342,DELI,125.406
2013-10-08,41,772,500124,DELI,140.025
2013-10-09,41,825,501906,DELI,140.011
2013-10-10,41,837,503688,DELI,120.276
2013-10-11,41,912,505470,DELI,148.396
2013-10-12,41,978,507252,DELI,167.104
2013-10-13,41,1104,509034,DELI,278.007
2013-10-14,41,855,510816,DELI,191.677
2013-10-15,41,763,512598,DELI,129.975
2013-10-16,41,893,514380,DELI,178.89
2013-10-17,41,742,516162,DELI,142.521
2013-10-18,41,922,517944,DELI,150.085
2013-10-19,41,1059,519726,DELI,209.15
2013-10-20,41,1308,521508,DELI,265.444
2013-10-21,41,760,523290,DELI,140.085
2013-10-22,41,771,525072,DELI,114.232
2013-10-23,41,848,526854,DELI,120.729004
2013-10-24,41,756,528636,DELI,109.788
2013-10-25,41,841,530418,DELI,133.585
2013-10-26,41,1082,532200,DELI,183.805
2013-10-27,41,1294,533982,DELI,287.225
2013-10-28,41,848,535764,DELI,153.991
2013-10-29,41,718,537546,DELI,108.652
2013-10-30,41,807,539328,DELI,114.804
2013-10-31,41,727,541110,DELI,81.984
2013-11-01,41,930,542892,DELI,171.043
2013-11-02,41,1146,544674,DELI,206.171
2013-11-03,41,1200,546456,DELI,261.423
2013-11-04,41,911,548238,DELI,156.678
2013-11-05,41,873,550020,DELI,127.667
2013-11-06,41,875,551802,DELI,119.805
2013-11-07,41,801,553584,DELI,102.541
2013-11-08,41,858,555366,DELI,115.996
2013-11-09,41,1076,557148,DELI,177.593
2013-11-10,41,1262,558930,DELI,258.413
2013-11-11,41,875,560712,DELI,152.378
2013-11-12,41,799,562494,DELI,115.485
2013-11-13,41,918,564276,DELI,124.615
2013-11-14,41,737,566058,DELI,95.821
2013-11-15,41,813,567840,DELI,134.693
2013-11-16,41,1143,569622,DELI,177.03
2013-11-17,41,1287,571404,DELI,247.137
2013-11-18,41,801,573186,DELI,146.555
2013-11-19,41,780,574968,DELI,111.39
2013-11-20,41,877,576750,DELI,126.801
2013-11-21,41,822,578532,DELI,129.26
2013-11-22,41,836,580314,DELI,115.395
2013-11-23,41,1108,582096,DELI,125.199
2013-11-24,41,1259,583878,DELI,256.387
2013-11-25,41,835,585660,DELI,144.549
2013-11-26,41,769,587442,DELI,102.897
2013-11-27,41,815,589224,DELI,87.432
2013-11-28,41,774,591006,DELI,99.528
2013-11-29,41,849,592788,DELI,128.136
2013-11-30,41,1026,594570,DELI,165.649
2013-12-01,41,1331,596352,DELI,267.038
2013-12-02,41,896,598134,DELI,144.445
2013-12-03,41,862,599916,DELI,119.551
2013-12-04,41,947,601698,DELI,154.812
2013-12-05,41,866,603480,DELI,150.034
2013-12-06,41,879,605262,DELI,138.555
2013-12-07,41,1092,607044,DELI,161.587
2013-12-08,41,1257,608826,DELI,238.146
2013-12-09,41,920,610608,DELI,157.496
2013-12-10,41,871,612390,DELI,160.016
2013-12-11,41,1014,614172,DELI,140.739
2013-12-12,41,1092,615954,DELI,126.203
2013-12-13,41,1059,617736,DELI,144.79
2013-12-14,41,1243,619518,DELI,192.98
2013-12-15,41,1421,621300,DELI,240.636
2013-12-16,41,1043,623082,DELI,295.025
2013-12-17,41,1169,624864,DELI,169.352
2013-12-18,41,1303,626646,DELI,150.494
2013-12-19,41,1409,628428,DELI,167.021
2013-12-20,41,1402,630210,DELI,165.634
2013-12-21,41,1643,631992,DELI,221.611
2013-12-22,41,1893,633774,DELI,281.17
2013-12-23,41,2040,635556,DELI,324.542
2013-12-24,41,1967,637338,DELI,251.612
2013-12-26,41,1142,639120,DELI,138.855
2013-12-27,41,1217,640902,DELI,187.728
2013-12-28,41,1337,642684,DELI,172.618
2013-12-29,41,1125,644466,DELI,202.658
2013-12-30,41,1679,646248,DELI,266.97
2013-12-31,41,1528,648030,DELI,224.814
2014-01-02,41,1110,651594,DELI,229.924
2014-01-03,41,968,653376,DELI,139.4949
2014-01-04,41,1184,655158,DELI,229.877
2014-01-05,41,1317,656940,DELI,293.488
2014-01-06,41,926,658722,DELI,151.339
2014-01-07,41,780,660504,DELI,144.826
2014-01-08,41,882,662286,DELI,155.332
2014-01-09,41,806,664068,DELI,125.006
2014-01-10,41,850,665850,DELI,137.9586
2014-01-11,41,1121,667632,DELI,169.659
2014-01-12,41,1118,669414,DELI,234.215
2014-01-13,41,837,671196,DELI,171.941
2014-01-14,41,822,672978,DELI,142.967
2014-01-15,41,904,674760,DELI,137.034
2014-01-16,41,903,676542,DELI,129.41
2014-01-17,41,850,678324,DELI,130.4444
2014-01-18,41,1091,680106,DELI,227.794
2014-01-19,41,1151,681888,DELI,324.129
2014-01-20,41,841,683670,DELI,152.467
2014-01-21,41,793,685452,DELI,121.517
2014-01-22,41,848,687234,DELI,114.701
2014-01-23,41,783,689016,DELI,128.584
2014-01-24,41,850,690798,DELI,147.983
2014-01-25,41,1057,692580,DELI,222.736
2014-01-26,41,1181,694362,DELI,265.878
2014-01-27,41,797,696144,DELI,111.247
2014-01-28,41,787,697926,DELI,111.294
2014-01-29,41,816,699708,DELI,124.157
2014-01-30,41,810,701490,DELI,97.706
2014-01-31,41,895,703272,DELI,158.3861
2014-02-01,41,1176,705054,DELI,234.202
2014-02-02,41,1310,706836,DELI,303.786
2014-02-03,41,987,708618,DELI,209.211
2014-02-04,41,865,710400,DELI,149.874
2014-02-05,41,868,712182,DELI,134.17
2014-02-06,41,783,713964,DELI,98.808
2014-02-07,41,851,715746,DELI,116.8937
2014-02-08,41,1123,717528,DELI,208.125
2014-02-09,41,1184,719310,DELI,251.304
2014-02-10,41,916,721092,DELI,141.713
2014-02-11,41,850,722874,DELI,143.289
2014-02-12,41,952,724656,DELI,135.363
2014-02-13,41,987,726438,DELI,127.927
2014-02-14,41,1219,728220,DELI,129.5831
2014-02-15,41,1153,730002,DELI,186.04
2014-02-16,41,1170,731784,DELI,238.77
2014-02-17,41,859,733566,DELI,161.804
2014-02-18,41,772,735348,DELI,145.662
2014-02-19,41,887,737130,DELI,118.095
2014-02-20,41,736,738912,DELI,92.292
2014-02-21,41,902,740694,DELI,178.7329
2014-02-22,41,1143,742476,DELI,214.351
2014-02-23,41,1157,744258,DELI,248.483
2014-02-24,41,926,746040,DELI,172.336
2014-02-25,41,864,747822,DELI,146.584
2014-02-26,41,934,749604,DELI,130.982
2014-02-27,41,848,751386,DELI,145.867
2014-02-28,41,1041,753168,DELI,172.4723
2014-03-01,41,1372,754950,DELI,264.246
2014-03-02,41,1002,756732,DELI,186.559
2014-03-03,41,919,758514,DELI,146.715
2014-03-04,41,895,760296,DELI,130.247
2014-03-05,41,1060,762078,DELI,224.283
2014-03-06,41,977,763860,DELI,175.592
2014-03-07,41,940,765642,DELI,153.9947
2014-03-08,41,1120,767424,DELI,190.918
2014-03-09,41,1227,769206,DELI,231.659
2014-03-10,41,910,770988,DELI,182.856
2014-03-11,41,891,772770,DELI,168.916
2014-03-12,41,980,774552,DELI,186.726
2014-03-13,41,876,776334,DELI,122.05
2014-03-14,41,906,778116,DELI,133.3411
2014-03-15,41,1058,779898,DELI,200.62
2014-03-16,41,1200,781680,DELI,274.983
2014-03-17,41,904,783462,DELI,185.872
2014-03-18,41,900,785244,DELI,174.17
2014-03-19,41,890,787026,DELI,135.51
2014-03-20,41,933,788808,DELI,136.07
2014-03-21,41,951,790590,DELI,135.3291
2014-03-22,41,1032,792372,DELI,163.978
2014-03-23,41,1171,794154,DELI,259.892
2014-03-24,41,898,795936,DELI,143.222
2014-03-25,41,918,797718,DELI,151.228
2014-03-26,41,954,799500,DELI,168.899
2014-03-27,41,844,801282,DELI,138.776
2014-03-28,41,919,803064,DELI,134.3576
2014-03-29,41,1116,804846,DELI,194.037
2014-03-30,41,1182,806628,DELI,228.211
2014-03-31,41,956,808410,DELI,189.201
2014-04-01,41,986,810192,DELI,187.535
2014-04-02,41,1045,811974,DELI,187.138
2014-04-03,41,935,813756,DELI,162.929
2014-04-04,41,1015,815538,DELI,185.4849
2014-04-05,41,1162,817320,DELI,215.897
2014-04-06,41,1207,819102,DELI,221.591
2014-04-07,41,958,820884,DELI,141.101
2014-04-08,41,973,822666,DELI,164.65
2014-04-09,41,1000,824448,DELI,139.657
2014-04-10,41,936,826230,DELI,145.308
2014-04-11,41,939,828012,DELI,162.3627
2014-04-12,41,1172,829794,DELI,222.711
2014-04-13,41,1141,831576,DELI,202.331
2014-04-14,41,998,833358,DELI,146.583
2014-04-15,41,1006,835140,DELI,152.671
2014-04-16,41,1053,836922,DELI,165.298
2014-04-17,41,999,838704,DELI,123.65
2014-04-18,41,1022,840486,DELI,161.1127
2014-04-19,41,1132,842268,DELI,167.912
2014-04-20,41,1130,844050,DELI,184.003
2014-04-21,41,923,845832,DELI,160.58
2014-04-22,41,872,847614,DELI,134.176
2014-04-23,41,1098,849396,DELI,190.849
2014-04-24,41,876,851178,DELI,130.04199
2014-04-25,41,876,852960,DELI,153.0126
2014-04-26,41,1141,854742,DELI,213.079
2014-04-27,41,1163,856524,DELI,223.712
2014-04-28,41,855,858306,DELI,136.24
2014-04-29,41,863,860088,DELI,157.911
2014-04-30,41,964,861870,DELI,159.227
2014-05-01,41,1110,863652,DELI,256.285
2014-05-02,41,966,865434,DELI,202.7494
2014-05-03,41,1195,867216,DELI,247.142
2014-05-04,41,1397,868998,DELI,363.237
2014-05-05,41,920,870780,DELI,200.76
2014-05-06,41,994,872562,DELI,192.154
2014-05-07,41,1041,874344,DELI,209.344
2014-05-08,41,895,876126,DELI,173.355
2014-05-09,41,1108,877908,DELI,183.3938
2014-05-10,41,1577,879690,DELI,310.423
2014-05-11,41,1430,881472,DELI,301.086
2014-05-12,41,966,883254,DELI,230.179
2014-05-13,41,861,885036,DELI,154.137
2014-05-14,41,901,886818,DELI,139.559
2014-05-15,41,839,888600,DELI,154.32
2014-05-16,41,944,890382,DELI,200.048
2014-05-17,41,1215,892164,DELI,276.228
2014-05-18,41,1395,893946,DELI,359.507
2014-05-19,41,896,895728,DELI,202.701
2014-05-20,41,885,897510,DELI,187.864
2014-05-21,41,911,899292,DELI,131.006
2014-05-22,41,790,901074,DELI,114.325
2014-05-23,41,862,902856,DELI,154.111
2014-05-24,41,1106,904638,DELI,211.592
2014-05-25,41,1319,906420,DELI,351.84
2014-05-26,41,877,908202,DELI,189.02
2014-05-27,41,838,909984,DELI,146.91
2014-05-28,41,874,911766,DELI,143.585
2014-05-29,41,866,913548,DELI,124.566
2014-05-30,41,900,915330,DELI,125.755
2014-05-31,41,1264,917112,DELI,273.17
2014-06-01,41,1579,918894,DELI,463.699
2014-06-02,41,990,920676,DELI,217.017
2014-06-03,41,949,922458,DELI,171.85
2014-06-04,41,988,924240,DELI,169.909
2014-06-05,41,839,926022,DELI,117.253
2014-06-06,41,936,927804,DELI,159.53
2014-06-07,41,1158,929586,DELI,235.302
2014-06-08,41,1344,931368,DELI,326.046
2014-06-09,41,956,933150,DELI,220.776
2014-06-10,41,853,934932,DELI,122.52
2014-06-11,41,905,936714,DELI,160.152
2014-06-12,41,790,938496,DELI,122.891
2014-06-13,41,939,940278,DELI,174.4
2014-06-14,41,1468,942060,DELI,310.046
2014-06-15,41,1122,943842,DELI,224.007
2014-06-16,41,974,945624,DELI,194.671
2014-06-17,41,892,947406,DELI,166.619
2014-06-18,41,903,949188,DELI,145.519
2014-06-19,41,830,950970,DELI,150.653
2014-06-20,41,847,952752,DELI,163.86
2014-06-21,41,1220,954534,DELI,264.177
2014-06-22,41,1306,956316,DELI,295.003
2014-06-23,41,835,958098,DELI,132.241
2014-06-24,41,789,959880,DELI,131.41
2014-06-25,41,1004,961662,DELI,193.879
2014-06-26,41,823,963444,DELI,110.04
2014-06-27,41,897,965226,DELI,173.803
2014-06-28,41,1104,967008,DELI,190.937
2014-06-29,41,1207,968790,DELI,292.46
2014-06-30,41,874,970572,DELI,137.157
2014-07-01,41,1004,972354,DELI,172.425
2014-07-02,41,1151,974136,DELI,205.584
2014-07-03,41,916,975918,DELI,137.644
2014-07-04,41,926,977700,DELI,161.279
2014-07-05,41,1187,979482,DELI,213.108
2014-07-06,41,1415,981264,DELI,320.857
2014-07-07,41,940,983046,DELI,168.564
2014-07-08,41,883,984828,DELI,152.609
2014-07-09,41,922,986610,DELI,160.234
2014-07-10,41,888,988392,DELI,136.364
2014-07-11,41,928,990174,DELI,132.964
2014-07-12,41,1170,991956,DELI,194.648
2014-07-13,41,1176,993738,DELI,269.409
2014-07-14,41,919,995520,DELI,172.192
2014-07-15,41,897,997302,DELI,146.543
2014-07-16,41,1000,999084,DELI,227.872
2014-07-17,41,851,1000866,DELI,133.529
2014-07-18,41,921,1002648,DELI,154.427
2014-07-19,41,1153,1004430,DELI,247.525
2014-07-20,41,1353,1006212,DELI,300.411
2014-07-21,41,911,1007994,DELI,158.782
2014-07-22,41,867,1009776,DELI,157.388
2014-07-23,41,973,1011558,DELI,175.813
2014-07-24,41,842,1013340,DELI,105.637
2014-07-25,41,909,1015122,DELI,163.579
2014-07-26,41,1146,1016904,DELI,225.463
2014-07-27,41,1276,1018686,DELI,274.803
2014-07-28,41,858,1020468,DELI,162.03
2014-07-29,41,857,1022250,DELI,159.721
2014-07-30,41,909,1024032,DELI,153.441
2014-07-31,41,887,1025814,DELI,151.378
2014-08-01,41,1036,1027596,DELI,201.822
2014-08-02,41,1290,1029378,DELI,293.226
2014-08-03,41,1353,1031160,DELI,296.819
2014-08-04,41,989,1032942,DELI,170.783
2014-08-05,41,912,1034724,DELI,158.559
2014-08-06,41,920,1036506,DELI,178.558
2014-08-07,41,918,1038288,DELI,154.767
2014-08-08,41,963,1040070,DELI,171.511
2014-08-09,41,1196,1041852,DELI,230.495
2014-08-10,41,1288,1043634,DELI,304.484
2014-08-11,41,960,1045416,DELI,162.174
2014-08-12,41,920,1047198,DELI,134.282
2014-08-13,41,948,1048980,DELI,138.5
2014-08-14,41,843,1050762,DELI,158.968
2014-08-15,41,1003,1052544,DELI,192.49
2014-08-16,41,1130,1054326,DELI,227.299
2014-08-17,41,1411,1056108,DELI,339.239
2014-08-18,41,1034,1057890,DELI,226.843
2014-08-19,41,883,1059672,DELI,175.983
2014-08-20,41,967,1061454,DELI,184.302
2014-08-21,41,864,1063236,DELI,144.076
2014-08-22,41,932,1065018,DELI,179.858
2014-08-23,41,1155,1066800,DELI,205.032
2014-08-24,41,1341,1068582,DELI,306.951
2014-08-25,41,919,1070364,DELI,163.951
2014-08-26,41,880,1072146,DELI,208.372
2014-08-27,41,947,1073928,DELI,177.003
2014-08-28,41,859,1075710,DELI,128.551
2014-08-29,41,858,1077492,DELI,131.241
2014-08-30,41,1131,1079274,DELI,219.883
2014-08-31,41,1330,1081056,DELI,309.769
2014-09-01,41,981,1082838,DELI,229.396
2014-09-02,41,997,1084620,DELI,197.463
2014-09-03,41,982,1086402,DELI,200.119
2014-09-04,41,866,1088184,DELI,128.228
2014-09-05,41,965,1089966,DELI,176.596
2014-09-06,41,1130,1091748,DELI,233.097
2014-09-07,41,1347,1093530,DELI,332.904
2014-09-08,41,898,1095312,DELI,134.752
2014-09-09,41,840,1097094,DELI,122.723
2014-09-10,41,946,1098876,DELI,170.483
2014-09-11,41,899,1100658,DELI,105.547
2014-09-12,41,899,1102440,DELI,161.162
2014-09-13,41,1138,1104222,DELI,189.48
2014-09-14,41,1242,1106004,DELI,225.057
2014-09-15,41,959,1107786,DELI,177.638
2014-09-16,41,910,1109568,DELI,160.972
2014-09-17,41,949,1111350,DELI,172.459
2014-09-18,41,892,1113132,DELI,170.785
2014-09-19,41,949,1114914,DELI,131.432
2014-09-20,41,1029,1116696,DELI,222.304
2014-09-21,41,1217,1118478,DELI,260.345
2014-09-22,41,886,1120260,DELI,157.643
2014-09-23,41,809,1122042,DELI,132.587
2014-09-24,41,879,1123824,DELI,167.679
2014-09-25,41,867,1125606,DELI,147.158
2014-09-26,41,901,1127388,DELI,150.437
2014-09-27,41,1089,1129170,DELI,202.491
2014-09-28,41,1208,1130952,DELI,236.235
2014-09-29,41,867,1132734,DELI,139.967
2014-09-30,41,929,1134516,DELI,164.388
2014-10-01,41,1042,1136298,DELI,202.795
2014-10-02,41,908,1138080,DELI,174.185
2014-10-03,41,984,1139862,DELI,156.5
2014-10-04,41,1119,1141644,DELI,199.513
2014-10-05,41,1198,1143426,DELI,237.162
2014-10-06,41,956,1145208,DELI,165.751
2014-10-07,41,869,1146990,DELI,152.596
2014-10-08,41,937,1148772,DELI,121.907
2014-10-09,41,820,1150554,DELI,146.572
2014-10-10,41,1041,1152336,DELI,209.436
2014-10-11,41,1100,1154118,DELI,199.261
2014-10-12,41,1177,1155900,DELI,273.474
2014-10-13,41,852,1157682,DELI,205.882
2014-10-14,41,830,1159464,DELI,131.05
2014-10-15,41,988,1161246,DELI,204.179
2014-10-16,41,895,1163028,DELI,172.054
2014-10-17,41,917,1164810,DELI,153.278
2014-10-18,41,1181,1166592,DELI,199.927
2014-10-19,41,1341,1168374,DELI,342.556
2014-10-20,41,906,1170156,DELI,138.341
2014-10-21,41,866,1171938,DELI,173.626
2014-10-22,41,924,1173720,DELI,153.568
2014-10-23,41,868,1175502,DELI,140.586
2014-10-24,41,967,1177284,DELI,201.47
2014-10-25,41,1126,1179066,DELI,227.28
2014-10-26,41,1273,1180848,DELI,291.644
2014-10-27,41,952,1182630,DELI,155.51
2014-10-28,41,869,1184412,DELI,159.882
2014-10-29,41,892,1186194,DELI,131.734
2014-10-30,41,779,1187976,DELI,97.397
2014-10-31,41,971,1189758,DELI,191.608
2014-11-01,41,1245,1191540,DELI,239.004
2014-11-02,41,1091,1193322,DELI,211.405
2014-11-03,41,1326,1195104,DELI,275.945
2014-11-04,41,884,1196886,DELI,229.081
2014-11-05,41,906,1198668,DELI,149.343
2014-11-06,41,861,1200450,DELI,151.122
2014-11-07,41,911,1202232,DELI,167.65
2014-11-08,41,1134,1204014,DELI,273.396
2014-11-09,41,1320,1205796,DELI,336.339
2014-11-10,41,875,1207578,DELI,152.653
2014-11-11,41,889,1209360,DELI,149.688
2014-11-12,41,948,1211142,DELI,171.738
2014-11-13,41,802,1212924,DELI,124.495
2014-11-14,41,882,1214706,DELI,152.13
2014-11-15,41,1171,1216488,DELI,246.243
2014-11-16,41,1304,1218270,DELI,323.103
2014-11-17,41,910,1220052,DELI,192.522
2014-11-18,41,896,1221834,DELI,163.949
2014-11-19,41,887,1223616,DELI,193.988
2014-11-20,41,920,1225398,DELI,158.38
2014-11-21,41,881,1227180,DELI,162.067
2014-11-22,41,1246,1228962,DELI,248.354
2014-11-23,41,1386,1230744,DELI,350.6
2014-11-24,41,911,1232526,DELI,198.551
2014-11-25,41,884,1234308,DELI,159.266
2014-11-26,41,908,1236090,DELI,169.472
2014-11-27,41,813,1237872,DELI,140.174
2014-11-28,41,961,1239654,DELI,224.744
2014-11-29,41,1282,1241436,DELI,257.73
2014-11-30,41,1447,1243218,DELI,316.645
2014-12-01,41,1133,1245000,DELI,236.065
2014-12-02,41,948,1246782,DELI,181.918
2014-12-03,41,1038,1248564,DELI,216.318
2014-12-04,41,937,1250346,DELI,175.699
2014-12-05,41,1011,1252128,DELI,163.36
2014-12-06,41,1212,1253910,DELI,222.073
2014-12-07,41,1462,1255692,DELI,341.754
2014-12-08,41,1014,1257474,DELI,289.643
2014-12-09,41,999,1259256,DELI,188.258
2014-12-10,41,1176,1261038,DELI,218.706
2014-12-11,41,1087,1262820,DELI,190.6
2014-12-12,41,1184,1264602,DELI,212.81
2014-12-13,41,1514,1266384,DELI,254.523
2014-12-14,41,1622,1268166,DELI,397.49
2014-12-15,41,1178,1269948,DELI,243.203
2014-12-16,41,1244,1271730,DELI,246.03
2014-12-17,41,1259,1273512,DELI,181.496
2014-12-18,41,1306,1275294,DELI,198.241
2014-12-19,41,1518,1277076,DELI,223.763
2014-12-20,41,1705,1278858,DELI,236.124
2014-12-21,41,1851,1280640,DELI,394.565
2014-12-22,41,1969,1282422,DELI,307.302
2014-12-23,41,2245,1284204,DELI,386.614
2014-12-24,41,2319,1285986,DELI,295.759
2014-12-26,41,1566,1287768,DELI,321.035
2014-12-27,41,1382,1289550,DELI,220.964
2014-12-28,41,1267,1291332,DELI,217.241
2014-12-29,41,1440,1293114,DELI,273.648
2014-12-30,41,1723,1294896,DELI,301.695
2014-12-31,41,1888,1296678,DELI,335.883
2015-01-02,41,1287,1300242,DELI,304.605
2015-01-03,41,1320,1302024,DELI,268.927
2015-01-04,41,1307,1303806,DELI,303.28
2015-01-05,41,1091,1305588,DELI,230.09
2015-01-06,41,963,1307370,DELI,193.722
2015-01-07,41,1070,1309152,DELI,215.143
2015-01-08,41,954,1310934,DELI,139.49
2015-01-09,41,947,1312716,DELI,215.019
2015-01-10,41,1109,1314498,DELI,230.918
2015-01-11,41,1343,1316280,DELI,361.658
2015-01-12,41,1001,1318062,DELI,172.632
2015-01-13,41,986,1319844,DELI,176.545
2015-01-14,41,934,1321626,DELI,173.66699
2015-01-15,41,948,1323408,DELI,200.148
2015-01-16,41,968,1325190,DELI,211.225
2015-01-17,41,1228,1326972,DELI,276.439
2015-01-18,41,1266,1328754,DELI,325.215
2015-01-19,41,905,1330536,DELI,233.92
2015-01-20,41,896,1332318,DELI,149.426
2015-01-21,41,965,1334100,DELI,181.702
2015-01-22,41,879,1335882,DELI,173.211
2015-01-23,41,994,1337664,DELI,216.059
2015-01-24,41,1252,1339446,DELI,227.722
2015-01-25,41,1321,1341228,DELI,315.66602
2015-01-26,41,891,1343010,DELI,163.45
2015-01-27,41,896,1344792,DELI,179.223
2015-01-28,41,964,1346574,DELI,126.776
2015-01-29,41,871,1348356,DELI,132.995
2015-01-30,41,997,1350138,DELI,189.346
2015-01-31,41,1188,1351920,DELI,284.628
2015-02-01,41,1468,1353702,DELI,396.497
2015-02-02,41,984,1355484,DELI,191.431
2015-02-03,41,955,1357266,DELI,162.772
2015-02-04,41,1041,1359048,DELI,174.12
2015-02-05,41,1003,1360830,DELI,165.799
2015-02-06,41,971,1362612,DELI,183.115
2015-02-07,41,1197,1364394,DELI,216.957
2015-02-08,41,1308,1366176,DELI,246.886
2015-02-09,41,980,1367958,DELI,182.907
2015-02-10,41,1015,1369740,DELI,193.738
2015-02-11,41,960,1371522,DELI,150.354
2015-02-12,41,1000,1373304,DELI,151.179
2015-02-13,41,1230,1375086,DELI,206.63
2015-02-14,41,1565,1376868,DELI,256.747
2015-02-15,41,1084,1378650,DELI,221.117
2015-02-16,41,986,1380432,DELI,155.996
2015-02-17,41,1002,1382214,DELI,214.445
2015-02-18,41,1095,1383996,DELI,212.547
2015-02-19,41,951,1385778,DELI,191.693
2015-02-20,41,1010,1387560,DELI,204.033
2015-02-21,41,1052,1389342,DELI,230.216
2015-02-22,41,1347,1391124,DELI,323.515
2015-02-23,41,875,1392906,DELI,181.968
2015-02-24,41,916,1394688,DELI,176.115
2015-02-25,41,891,1396470,DELI,173.119
2015-02-26,41,923,1398252,DELI,170.515
2015-02-27,41,984,1400034,DELI,163.631
2015-02-28,41,1120,1401816,DELI,207.668
2015-03-01,41,1392,1403598,DELI,341.301
2015-03-02,41,1089,1405380,DELI,235.573
2015-03-03,41,971,1407162,DELI,176.358
2015-03-04,41,1106,1408944,DELI,215.528
2015-03-05,41,979,1410726,DELI,145.752
2015-03-06,41,1055,1412508,DELI,195.018
2015-03-07,41,1170,1414290,DELI,209.166
2015-03-08,41,1224,1416072,DELI,272.733
2015-03-09,41,984,1417854,DELI,171.048
2015-03-10,41,1008,1419636,DELI,197.345
2015-03-11,41,1065,1421418,DELI,180.774
2015-03-12,41,964,1423200,DELI,174.994
2015-03-13,41,1007,1424982,DELI,175.461
2015-03-14,41,1233,1426764,DELI,209.354
2015-03-15,41,1217,1428546,DELI,297.642
2015-03-16,41,1060,1430328,DELI,229.709
2015-03-17,41,995,1432110,DELI,166.44
2015-03-18,41,947,1433892,DELI,174.345
2015-03-19,41,930,1435674,DELI,177.205
2015-03-20,41,1005,1437456,DELI,197.412
2015-03-21,41,1130,1439238,DELI,165.313
2015-03-22,41,1187,1441020,DELI,261.601
2015-03-23,41,971,1442802,DELI,176.92
2015-03-24,41,927,1444584,DELI,143.522
2015-03-25,41,978,1446366,DELI,185.746
2015-03-26,41,919,1448148,DELI,150.066
2015-03-27,41,989,1449930,DELI,142.224
2015-03-28,41,1100,1451712,DELI,236.117
2015-03-29,41,1217,1453494,DELI,314.653
2015-03-30,41,995,1455276,DELI,206.991
2015-03-31,41,966,1457058,DELI,154.445
2015-04-01,41,1145,1458840,DELI,250.653
2015-04-02,41,1063,1460622,DELI,189.989
2015-04-03,41,1052,1462404,DELI,189.849
2015-04-04,41,1228,1464186,DELI,220.993
2015-04-05,41,1249,1465968,DELI,237.243
2015-04-06,41,1022,1467750,DELI,198.817
2015-04-07,41,1049,1469532,DELI,160.928
2015-04-08,41,1001,1471314,DELI,182.176
2015-04-09,41,955,1473096,DELI,158.023
2015-04-10,41,988,1474878,DELI,136.021
2015-04-11,41,1220,1476660,DELI,218.483
2015-04-12,41,1345,1478442,DELI,242.686
2015-04-13,41,933,1480224,DELI,142.635
2015-04-14,41,1023,1482006,DELI,202.172
2015-04-15,41,1006,1483788,DELI,196.857
2015-04-16,41,1014,1485570,DELI,161.405
2015-04-17,41,1014,1487352,DELI,182.227
2015-04-18,41,1213,1489134,DELI,244.561
2015-04-19,41,1356,1490916,DELI,251.714
2015-04-20,41,967,1492698,DELI,177.66
2015-04-21,41,904,1494480,DELI,153.746
2015-04-22,41,991,1496262,DELI,165.753
2015-04-23,41,963,1498044,DELI,160.415
2015-04-24,41,929,1499826,DELI,184.142
2015-04-25,41,1090,1501608,DELI,178.669
2015-04-26,41,1246,1503390,DELI,286.366
2015-04-27,41,921,1505172,DELI,173.351
2015-04-28,41,893,1506954,DELI,145.172
2015-04-29,41,917,1508736,DELI,155.472
2015-04-30,41,938,1510518,DELI,162.343
2015-05-01,41,1260,1512300,DELI,306.427
2015-05-02,41,1311,1514082,DELI,271.291
2015-05-03,41,1357,1515864,DELI,362.155
2015-05-04,41,1079,1517646,DELI,224.103
2015-05-05,41,1041,1519428,DELI,184.719
2015-05-06,41,1073,1521210,DELI,204.41699
2015-05-07,41,1022,1522992,DELI,151.647
2015-05-08,41,1129,1524774,DELI,225.257
2015-05-09,41,1661,1526556,DELI,277.159
2015-05-10,41,1507,1528338,DELI,277.184
2015-05-11,41,1059,1530120,DELI,245.303
2015-05-12,41,876,1531902,DELI,168.136
2015-05-13,41,983,1533684,DELI,232.076
2015-05-14,41,911,1535466,DELI,149.635
2015-05-15,41,937,1537248,DELI,193.713
2015-05-16,41,1216,1539030,DELI,259.684
2015-05-17,41,1424,1540812,DELI,359.798
2015-05-18,41,990,1542594,DELI,183.99
2015-05-19,41,929,1544376,DELI,148.671
2015-05-20,41,1044,1546158,DELI,195.879
2015-05-21,41,873,1547940,DELI,169.216
2015-05-22,41,886,1549722,DELI,201.511
2015-05-23,41,1242,1551504,DELI,239.365
2015-05-24,41,1390,1553286,DELI,317.496
2015-05-25,41,981,1555068,DELI,179.66
2015-05-26,41,901,1556850,DELI,162.886
2015-05-27,41,953,1558632,DELI,153.612
2015-05-28,41,879,1560414,DELI,187.252
2015-05-29,41,956,1562196,DELI,204.057
2015-05-30,41,1278,1563978,DELI,232.73601
2015-05-31,41,1600,1565760,DELI,374.533
2015-06-01,41,1113,1567542,DELI,255.717
2015-06-02,41,995,1569324,DELI,218.51399
2015-06-03,41,1060,1571106,DELI,175.815
2015-06-04,41,987,1572888,DELI,181.374
2015-06-05,41,992,1574670,DELI,219.968
2015-06-06,41,1170,1576452,DELI,245.724
2015-06-07,41,1493,1578234,DELI,384.941
2015-06-08,41,982,1580016,DELI,218.183
2015-06-09,41,936,1581798,DELI,157.93
2015-06-10,41,967,1583580,DELI,241.868
2015-06-11,41,789,1585362,DELI,192.288
2015-06-12,41,923,1587144,DELI,156.011
2015-06-13,41,1187,1588926,DELI,284.819
2015-06-14,41,1312,1590708,DELI,324.33
2015-06-15,41,922,1592490,DELI,214.711
2015-06-16,41,1065,1594272,DELI,218.099
2015-06-17,41,1089,1596054,DELI,170.41
2015-06-18,41,898,1597836,DELI,139.347
2015-06-19,41,1028,1599618,DELI,195.283
2015-06-20,41,1405,1601400,DELI,271.686
2015-06-21,41,1309,1603182,DELI,249.927
2015-06-22,41,1007,1604964,DELI,209.684
2015-06-23,41,935,1606746,DELI,223.843
2015-06-24,41,985,1608528,DELI,183.644
2015-06-25,41,909,1610310,DELI,173.347
2015-06-26,41,790,1612092,DELI,108.935
2015-06-27,41,1120,1613874,DELI,203.826
2015-06-28,41,1419,1615656,DELI,363.391
2015-06-29,41,883,1617438,DELI,178.642
2015-06-30,41,921,1619220,DELI,182.26
2015-07-01,41,1121,1621002,DELI,241.927
2015-07-02,41,960,1622784,DELI,167.219
2015-07-03,41,949,1624566,DELI,169.185
2015-07-04,41,1250,1626348,DELI,300.097
2015-07-05,41,1393,1628130,DELI,356.587
2015-07-06,41,1163,1629912,DELI,233.387
2015-07-07,41,921,1631694,DELI,165.174
2015-07-08,41,1025,1633476,DELI,172.304
2015-07-09,41,888,1635258,DELI,164.018
2015-07-10,41,979,1637040,DELI,183.124
2015-07-11,41,1161,1638822,DELI,221.047
2015-07-12,41,1306,1640604,DELI,307.459
2015-07-13,41,955,1642386,DELI,178.366
2015-07-14,41,927,1644168,DELI,153.583
2015-07-15,41,959,1645950,DELI,189.296
2015-07-16,41,909,1647732,DELI,157.177
2015-07-17,41,962,1649514,DELI,192.521
2015-07-18,41,1140,1651296,DELI,219.205
2015-07-19,41,1357,1653078,DELI,314.977
2015-07-20,41,980,1654860,DELI,218.658
2015-07-21,41,961,1656642,DELI,157.279
2015-07-22,41,896,1658424,DELI,146.083
2015-07-23,41,876,1660206,DELI,165.044
2015-07-24,41,949,1661988,DELI,187.103
2015-07-25,41,1173,1663770,DELI,203.777
2015-07-26,41,1353,1665552,DELI,302.136
2015-07-27,41,951,1667334,DELI,195.975
2015-07-28,41,989,1669116,DELI,199.606
2015-07-29,41,990,1670898,DELI,178.119
2015-07-30,41,911,1672680,DELI,151.645
2015-07-31,41,1032,1674462,DELI,204.75
2015-08-01,41,1356,1676244,DELI,271.048
2015-08-02,41,1487,1678026,DELI,336.426
2015-08-03,41,1046,1679808,DELI,262.647
2015-08-04,41,1042,1681590,DELI,165.486
2015-08-05,41,1120,1683372,DELI,195.31
2015-08-06,41,939,1685154,DELI,155.303
2015-08-07,41,1016,1686936,DELI,182.198
2015-08-08,41,1236,1688718,DELI,237.88
2015-08-09,41,1223,1690500,DELI,250.351
2015-08-10,41,1329,1692282,DELI,360.14
2015-08-11,41,984,1694064,DELI,176.443
2015-08-12,41,967,1695846,DELI,174.426
2015-08-13,41,923,1697628,DELI,145.437
2015-08-14,41,1033,1699410,DELI,139.574
2015-08-15,41,1142,1701192,DELI,253.621
2015-08-16,41,1410,1702974,DELI,374.324
2015-08-17,41,990,1704756,DELI,158.51
2015-08-18,41,976,1706538,DELI,169.728
2015-08-19,41,997,1708320,DELI,228.033
2015-08-20,41,949,1710102,DELI,162.829
2015-08-21,41,1018,1711884,DELI,186.049
2015-08-22,41,1229,1713666,DELI,249.484
2015-08-23,41,1252,1715448,DELI,288.448
2015-08-24,41,968,1717230,DELI,183.316
2015-08-25,41,940,1719012,DELI,187.862
2015-08-26,41,977,1720794,DELI,199.818
2015-08-27,41,914,1722576,DELI,148.7
2015-08-28,41,1040,1724358,DELI,195.102
2015-08-29,41,1173,1726140,DELI,196.916
2015-08-30,41,1306,1727922,DELI,342.76
2015-08-31,41,1005,1729704,DELI,187.229
2015-09-01,41,1114,1731486,DELI,264.43
2015-09-02,41,1112,1733268,DELI,230.376
2015-09-03,41,980,1735050,DELI,189.198
2015-09-04,41,995,1736832,DELI,218.517
2015-09-05,41,1294,1738614,DELI,282.818
2015-09-06,41,1343,1740396,DELI,360.961
2015-09-07,41,977,1742178,DELI,190.622
2015-09-08,41,931,1743960,DELI,203.698
2015-09-09,41,1056,1745742,DELI,194.204
2015-09-10,41,957,1747524,DELI,150.429
2015-09-11,41,1031,1749306,DELI,242.052
2015-09-12,41,996,1751088,DELI,186.219
2015-09-13,41,1317,1752870,DELI,328.404
2015-09-14,41,916,1754652,DELI,188.37
2015-09-15,41,924,1756434,DELI,214.64
2015-09-16,41,1016,1758216,DELI,194.882
2015-09-17,41,927,1759998,DELI,163.212
2015-09-18,41,1010,1761780,DELI,233.591
2015-09-19,41,1212,1763562,DELI,272.465
2015-09-20,41,1285,1765344,DELI,278.462
2015-09-21,41,964,1767126,DELI,188.487
2015-09-22,41,896,1768908,DELI,187.069
2015-09-23,41,907,1770690,DELI,181.635
2015-09-24,41,915,1772472,DELI,164.364
2015-09-25,41,965,1774254,DELI,255.14
2015-09-26,41,1046,1776036,DELI,218.219
2015-09-27,41,1308,1777818,DELI,329.143
2015-09-28,41,904,1779600,DELI,218.11
2015-09-29,41,939,1781382,DELI,167.80501
2015-09-30,41,996,1783164,DELI,210.479
2015-10-01,41,1075,1784946,DELI,224.478
2015-10-02,41,1081,1786728,DELI,213.829
2015-10-03,41,1289,1788510,DELI,236.659
2015-10-04,41,1389,1790292,DELI,283.231
2015-10-05,41,1027,1792074,DELI,200.546
2015-10-06,41,907,1793856,DELI,141.285
2015-10-07,41,1005,1795638,DELI,150.061
2015-10-08,41,849,1797420,DELI,148.263
2015-10-09,41,1112,1799202,DELI,210.328
2015-10-10,41,1124,1800984,DELI,187.28
2015-10-11,41,1186,1802766,DELI,280.804
2015-10-12,41,941,1804548,DELI,154.43
2015-10-13,41,852,1806330,DELI,135.996
2015-10-14,41,964,1808112,DELI,211.249
2015-10-15,41,829,1809894,DELI,139.643
2015-10-16,41,1003,1811676,DELI,213.20801
2015-10-17,41,1184,1813458,DELI,240.04
2015-10-18,41,1378,1815240,DELI,290.283
2015-10-19,41,902,1817022,DELI,206.787
2015-10-20,41,900,1818804,DELI,164.842
2015-10-21,41,973,1820586,DELI,145.457
2015-10-22,41,869,1822368,DELI,163.315
2015-10-23,41,976,1824150,DELI,188.867
2015-10-24,41,1228,1825932,DELI,194.047
2015-10-25,41,1246,1827714,DELI,278.594
2015-10-26,41,937,1829496,DELI,135.99
2015-10-27,41,898,1831278,DELI,92.747
2015-10-28,41,923,1833060,DELI,77.333
2015-10-29,41,843,1834842,DELI,83.817
2015-10-30,41,948,1836624,DELI,117.395
2015-10-31,41,1276,1838406,DELI,196.554
2015-11-01,41,1188,1840188,DELI,197.0
2015-11-02,41,1017,1841970,DELI,160.766
2015-11-03,41,1207,1843752,DELI,228.093
2015-11-04,41,1070,1845534,DELI,173.978
2015-11-05,41,925,1847316,DELI,165.634
2015-11-06,41,989,1849098,DELI,159.552
2015-11-07,41,1186,1850880,DELI,151.09
2015-11-08,41,1337,1852662,DELI,261.065
2015-11-09,41,961,1854444,DELI,176.482
2015-11-10,41,867,1856226,DELI,121.901
2015-11-11,41,941,1858008,DELI,137.701
2015-11-12,41,911,1859790,DELI,112.705
2015-11-13,41,945,1861572,DELI,143.842
2015-11-14,41,1209,1863354,DELI,195.017
2015-11-15,41,1357,1865136,DELI,313.117
2015-11-16,41,983,1866918,DELI,161.078
2015-11-17,41,900,1868700,DELI,133.109
2015-11-18,41,951,1870482,DELI,183.493
2015-11-19,41,921,1872264,DELI,124.736
2015-11-20,41,1014,1874046,DELI,116.602
2015-11-21,41,1160,1875828,DELI,151.829
2015-11-22,41,1327,1877610,DELI,228.436
2015-11-23,41,918,1879392,DELI,168.426
2015-11-24,41,933,1881174,DELI,125.269
2015-11-25,41,970,1882956,DELI,143.423
2015-11-26,41,916,1884738,DELI,122.002
2015-11-27,41,1082,1886520,DELI,166.753
2015-11-28,41,1245,1888302,DELI,202.726
2015-11-29,41,1384,1890084,DELI,247.273
2015-11-30,41,1131,1891866,DELI,195.845
2015-12-01,41,1099,1893648,DELI,186.215
2015-12-02,41,1108,1895430,DELI,198.644
2015-12-03,41,988,1897212,DELI,130.988
2015-12-04,41,1054,1898994,DELI,182.386
2015-12-05,41,1328,1900776,DELI,228.708
2015-12-06,41,1413,1902558,DELI,305.568
2015-12-07,41,1079,1904340,DELI,162.998
2015-12-08,41,1010,1906122,DELI,132.615
2015-12-09,41,1079,1907904,DELI,160.57
2015-12-10,41,975,1909686,DELI,173.591
2015-12-11,41,1123,1911468,DELI,185.366
2015-12-12,41,1289,1913250,DELI,180.906
2015-12-13,41,1333,1915032,DELI,257.604
2015-12-14,41,1049,1916814,DELI,135.893
2015-12-15,41,1145,1918596,DELI,248.997
2015-12-16,41,1188,1920378,DELI,160.559
2015-12-17,41,1257,1922160,DELI,202.404
2015-12-18,41,1394,1923942,DELI,164.697
2015-12-19,41,1799,1925724,DELI,231.689
2015-12-20,41,1769,1927506,DELI,331.177
2015-12-21,41,1702,1929288,DELI,263.731
2015-12-22,41,1938,1931070,DELI,250.963
2015-12-23,41,2265,1932852,DELI,330.395
2015-12-24,41,2407,1934634,DELI,334.007
2015-12-26,41,1576,1936416,DELI,206.671
2015-12-27,41,1339,1938198,DELI,209.061
2015-12-28,41,1237,1939980,DELI,257.575
2015-12-29,41,1447,1941762,DELI,243.515
2015-12-30,41,1705,1943544,DELI,250.238
2015-12-31,41,1764,1945326,DELI,259.367
2016-01-02,41,1347,1948890,DELI,234.093
2016-01-05,41,1113,1954236,DELI,196.313
2016-01-06,41,1136,1956018,DELI,213.847
2016-01-07,41,956,1957800,DELI,143.368
2016-01-08,41,1067,1959582,DELI,132.278
2016-01-09,41,1191,1961364,DELI,187.336
2016-01-10,41,1238,1963146,DELI,218.983
2016-01-11,41,885,1964928,DELI,168.195
2016-01-12,41,924,1966710,DELI,161.924
2016-01-13,41,986,1968492,DELI,162.113
2016-01-14,41,865,1970274,DELI,116.957
2016-01-15,41,1014,1972056,DELI,201.615
2016-01-16,41,1151,1973838,DELI,233.557
2016-01-17,41,1238,1975620,DELI,239.957
2016-01-18,41,1010,1977402,DELI,161.226
2016-01-19,41,880,1979184,DELI,146.114
2016-01-20,41,1047,1980966,DELI,178.201
2016-01-21,41,902,1982748,DELI,148.769
2016-01-22,41,950,1984530,DELI,182.641
2016-01-23,41,1177,1986312,DELI,193.685
2016-01-24,41,1216,1988094,DELI,257.25
2016-01-25,41,957,1989876,DELI,202.841
2016-01-26,41,911,1991658,DELI,184.154
2016-01-27,41,919,1993440,DELI,175.087
2016-01-28,41,860,1995222,DELI,115.183
2016-01-29,41,1025,1997004,DELI,150.277
2016-01-30,41,1175,1998786,DELI,189.561
2016-01-31,41,1267,2000568,DELI,224.12
2016-02-01,41,1022,2002350,DELI,206.045
2016-02-02,41,1009,2004132,DELI,190.842
2016-02-03,41,1059,2005914,DELI,235.742
2016-02-04,41,975,2007696,DELI,194.027
2016-02-05,41,1141,2009478,DELI,200.127
2016-02-06,41,1372,2011260,DELI,270.254
2016-02-07,41,1030,2013042,DELI,176.366
2016-02-08,41,932,2014824,DELI,182.267
2016-02-09,41,929,2016606,DELI,165.369
2016-02-10,41,1056,2018388,DELI,222.011
2016-02-11,41,1019,2020170,DELI,126.964
2016-02-12,41,1010,2021952,DELI,140.839
2016-02-13,41,1305,2023734,DELI,222.54199
2016-02-14,41,1411,2025516,DELI,225.953
2016-02-15,41,1031,2027298,DELI,169.209
2016-02-16,41,981,2029080,DELI,152.952
2016-02-17,41,1030,2030862,DELI,149.407
2016-02-18,41,943,2032644,DELI,136.839
2016-02-19,41,921,2034426,DELI,148.241
2016-02-20,41,1076,2036208,DELI,184.537
2016-02-21,41,1237,2037990,DELI,243.726
2016-02-22,41,976,2039772,DELI,179.475
2016-02-23,41,911,2041554,DELI,118.205
2016-02-24,41,965,2043336,DELI,161.716
2016-02-25,41,867,2045118,DELI,170.835
2016-02-26,41,783,2046900,DELI,122.113
2016-02-27,41,1067,2048682,DELI,189.818
2016-02-28,41,1143,2050464,DELI,236.414
2016-02-29,41,942,2052246,DELI,179.66
2016-03-01,41,1010,2054028,DELI,187.848
2016-03-02,41,1166,2055810,DELI,178.526
2016-03-03,41,975,2057592,DELI,164.462
2016-03-04,41,1025,2059374,DELI,169.142
2016-03-05,41,1182,2061156,DELI,219.061
2016-03-06,41,1256,2062938,DELI,270.676
2016-03-07,41,967,2064720,DELI,165.344
2016-03-08,41,982,2066502,DELI,132.404
2016-03-09,41,1001,2068284,DELI,144.351
2016-03-10,41,936,2070066,DELI,159.099
2016-03-11,41,956,2071848,DELI,152.896
2016-03-12,41,1090,2073630,DELI,191.349
2016-03-13,41,1130,2075412,DELI,196.048
2016-03-14,41,926,2077194,DELI,167.432
2016-03-15,41,942,2078976,DELI,158.08
2016-03-16,41,1051,2080758,DELI,149.425
2016-03-17,41,943,2082540,DELI,181.596
2016-03-18,41,981,2084322,DELI,143.116
2016-03-19,41,1132,2086104,DELI,209.64
2016-03-20,41,1201,2087886,DELI,206.453
2016-03-21,41,1011,2089668,DELI,165.453
2016-03-22,41,952,2091450,DELI,165.123
2016-03-23,41,1025,2093232,DELI,141.649
2016-03-24,41,1040,2095014,DELI,144.828
2016-03-25,41,996,2096796,DELI,144.288
2016-03-26,41,1074,2098578,DELI,153.587
2016-03-27,41,1057,2100360,DELI,212.775
2016-03-28,41,944,2102142,DELI,177.44
2016-03-29,41,871,2103924,DELI,150.513
2016-03-30,41,992,2105706,DELI,129.846
2016-03-31,41,884,2107488,DELI,126.549
2016-04-01,41,1093,2109270,DELI,190.18
2016-04-02,41,1146,2111052,DELI,206.8
2016-04-03,41,1358,2112834,DELI,290.718
2016-04-04,41,1064,2114616,DELI,209.069
2016-04-05,41,1009,2116398,DELI,169.796
2016-04-06,41,1039,2118180,DELI,143.643
2016-04-07,41,852,2119962,DELI,126.538
2016-04-08,41,974,2121744,DELI,160.056
2016-04-09,41,1183,2123526,DELI,223.593
2016-04-10,41,1164,2125308,DELI,203.774
2016-04-11,41,918,2127090,DELI,145.934
2016-04-12,41,984,2128872,DELI,169.184
2016-04-13,41,982,2130654,DELI,147.753
2016-04-14,41,881,2132436,DELI,143.635
2016-04-15,41,953,2134218,DELI,176.054
2016-04-16,41,1082,2136000,DELI,162.817
2016-04-17,41,1200,2137782,DELI,270.671
2016-04-18,41,1057,2139564,DELI,175.516
2016-04-19,41,1062,2141346,DELI,180.519
2016-04-20,41,1010,2143128,DELI,164.929
2016-04-21,41,930,2144910,DELI,130.175
2016-04-22,41,1002,2146692,DELI,144.171
2016-04-23,41,1200,2148474,DELI,204.683
2016-04-24,41,1240,2150256,DELI,197.333
2016-04-25,41,980,2152038,DELI,185.504
2016-04-26,41,876,2153820,DELI,161.065
2016-04-27,41,898,2155602,DELI,176.435
2016-04-28,41,874,2157384,DELI,127.783
2016-04-29,41,979,2159166,DELI,155.642
2016-04-30,41,1275,2160948,DELI,235.727
2016-05-01,41,1393,2162730,DELI,354.486
2016-05-02,41,1030,2164512,DELI,227.913
2016-05-03,41,1022,2166294,DELI,214.378
2016-05-04,41,1001,2168076,DELI,203.069
2016-05-05,41,968,2169858,DELI,185.928
2016-05-06,41,1148,2171640,DELI,217.41
2016-05-07,41,1681,2173422,DELI,233.412
2016-05-08,41,1470,2175204,DELI,214.671
2016-05-09,41,1014,2176986,DELI,219.467
2016-05-10,41,958,2178768,DELI,130.135
2016-05-11,41,986,2180550,DELI,165.693
2016-05-12,41,903,2182332,DELI,157.879
2016-05-13,41,992,2184114,DELI,145.856
2016-05-14,41,1262,2185896,DELI,203.694
2016-05-15,41,1465,2187678,DELI,348.77
2016-05-16,41,1055,2189460,DELI,229.732
2016-05-17,41,934,2191242,DELI,154.609
2016-05-18,41,941,2193024,DELI,152.115
2016-05-19,41,910,2194806,DELI,148.435
2016-05-20,41,1028,2196588,DELI,203.572
2016-05-21,41,1365,2198370,DELI,259.413
2016-05-22,41,1534,2200152,DELI,348.738
2016-05-23,41,926,2201934,DELI,180.577
2016-05-24,41,887,2203716,DELI,138.433
2016-05-25,41,889,2205498,DELI,135.519
2016-05-26,41,904,2207280,DELI,133.13
2016-05-27,41,1301,2209062,DELI,244.413
2016-05-28,41,1237,2210844,DELI,228.537
2016-05-29,41,1358,2212626,DELI,343.152
2016-05-30,41,1003,2214408,DELI,244.089
2016-05-31,41,1200,2216190,DELI,225.172
2016-06-01,41,1121,2217972,DELI,174.688
2016-06-02,41,927,2219754,DELI,147.83
2016-06-03,41,1028,2221536,DELI,158.797
2016-06-04,41,1274,2223318,DELI,265.226
2016-06-05,41,1495,2225100,DELI,313.629
2016-06-06,41,962,2226882,DELI,194.905
2016-06-07,41,882,2228664,DELI,144.371
2016-06-08,41,1010,2230446,DELI,203.592
2016-06-09,41,847,2232228,DELI,159.997
2016-06-10,41,940,2234010,DELI,164.265
2016-06-11,41,1267,2235792,DELI,215.499
2016-06-12,41,1306,2237574,DELI,299.967
2016-06-13,41,954,2239356,DELI,182.323
2016-06-14,41,931,2241138,DELI,199.288
2016-06-15,41,1027,2242920,DELI,197.88
2016-06-16,41,1019,2244702,DELI,139.375
2016-06-17,41,1025,2246484,DELI,161.13
2016-06-18,41,1472,2248266,DELI,308.237
2016-06-19,41,1497,2250048,DELI,268.051
2016-06-20,41,1035,2251830,DELI,172.323
2016-06-21,41,1019,2253612,DELI,134.231
2016-06-22,41,1153,2255394,DELI,173.567
2016-06-23,41,869,2257176,DELI,174.45
2016-06-24,41,1061,2258958,DELI,159.758
2016-06-25,41,1147,2260740,DELI,263.878
2016-06-26,41,1312,2262522,DELI,321.058
2016-06-27,41,968,2264304,DELI,191.74
2016-06-28,41,877,2266086,DELI,143.771
2016-06-29,41,942,2267868,DELI,212.001
2016-06-30,41,870,2269650,DELI,150.023
2016-07-01,41,1072,2271432,DELI,209.863
2016-07-02,41,1339,2273214,DELI,273.879
2016-07-03,41,1404,2274996,DELI,373.933
2016-07-04,41,1016,2276778,DELI,214.004
2016-07-05,41,981,2278560,DELI,194.617
2016-07-06,41,954,2280342,DELI,162.46
2016-07-07,41,893,2282124,DELI,136.285
2016-07-08,41,970,2283906,DELI,170.615
2016-07-09,41,1194,2285688,DELI,253.775
2016-07-10,41,1181,2287470,DELI,300.657
2016-07-11,41,952,2289252,DELI,225.432
2016-07-12,41,919,2291034,DELI,158.876
2016-07-13,41,898,2292816,DELI,175.988
2016-07-14,41,873,2294598,DELI,177.77
2016-07-15,41,995,2296380,DELI,222.966
2016-07-16,41,1287,2298162,DELI,219.205
2016-07-17,41,1376,2299944,DELI,390.315
2016-07-18,41,1015,2301726,DELI,175.184
2016-07-19,41,960,2303508,DELI,183.939
2016-07-20,41,1129,2305290,DELI,137.657
2016-07-21,41,904,2307072,DELI,145.141
2016-07-22,41,998,2308854,DELI,160.172
2016-07-23,41,1103,2310636,DELI,216.25
2016-07-24,41,1258,2312418,DELI,304.078
2016-07-25,41,948,2314200,DELI,160.079
2016-07-26,41,917,2315982,DELI,160.5
2016-07-27,41,1044,2317764,DELI,187.17
2016-07-28,41,842,2319546,DELI,133.747
2016-07-29,41,1058,2321328,DELI,189.704
2016-07-30,41,1370,2323110,DELI,278.069
2016-07-31,41,1359,2324892,DELI,338.939
2016-08-01,41,1134,2326674,DELI,227.337
2016-08-02,41,1017,2328456,DELI,164.144
2016-08-03,41,1090,2330238,DELI,185.641
2016-08-04,41,968,2332020,DELI,162.093
2016-08-05,41,1017,2333802,DELI,204.95801
2016-08-06,41,1244,2335584,DELI,245.67
2016-08-07,41,1311,2337366,DELI,307.806
2016-08-08,41,998,2339148,DELI,202.579
2016-08-09,41,985,2340930,DELI,187.985
2016-08-10,41,1004,2342712,DELI,129.883
2016-08-11,41,921,2344494,DELI,160.587
2016-08-12,41,1137,2346276,DELI,212.958
2016-08-13,41,1162,2348058,DELI,191.048
2016-08-14,41,1253,2349840,DELI,232.438
2016-08-15,41,1047,2351622,DELI,226.911
2016-08-16,41,973,2353404,DELI,166.797
2016-08-17,41,1123,2355186,DELI,246.517
2016-08-18,41,914,2356968,DELI,139.672
2016-08-19,41,1163,2358750,DELI,179.32
2016-08-20,41,1187,2360532,DELI,175.761
2016-08-21,41,1345,2362314,DELI,284.9
2016-08-22,41,1026,2364096,DELI,181.467
2016-08-23,41,974,2365878,DELI,179.001
2016-08-24,41,1101,2367660,DELI,206.363
2016-08-25,41,900,2369442,DELI,174.248
2016-08-26,41,936,2371224,DELI,198.277
2016-08-27,41,1275,2373006,DELI,226.023
2016-08-28,41,1385,2374788,DELI,331.527
2016-08-29,41,877,2376570,DELI,199.218
2016-08-30,41,930,2378352,DELI,166.072
2016-08-31,41,1419,2380134,DELI,219.299
2016-09-01,41,1059,2381916,DELI,207.939
2016-09-02,41,1090,2383698,DELI,201.334
2016-09-03,41,1268,2385480,DELI,247.813
2016-09-04,41,1351,2387262,DELI,290.392
2016-09-05,41,1040,2389044,DELI,254.666
2016-09-06,41,1007,2390826,DELI,183.201
2016-09-07,41,1010,2392608,DELI,158.593
2016-09-08,41,861,2394390,DELI,157.075
2016-09-09,41,1168,2396172,DELI,159.444
2016-09-10,41,1130,2397954,DELI,215.824
2016-09-11,41,1337,2399736,DELI,284.832
2016-09-12,41,1021,2401518,DELI,186.375
2016-09-13,41,972,2403300,DELI,201.597
2016-09-14,41,968,2405082,DELI,174.954
2016-09-15,41,891,2406864,DELI,134.343
2016-09-16,41,1077,2408646,DELI,184.737
2016-09-17,41,1223,2410428,DELI,213.803
2016-09-18,41,1340,2412210,DELI,283.916
2016-09-19,41,982,2413992,DELI,210.067
2016-09-20,41,878,2415774,DELI,170.417
2016-09-21,41,1088,2417556,DELI,145.138
2016-09-22,41,958,2419338,DELI,157.332
2016-09-23,41,1018,2421120,DELI,170.224
2016-09-24,41,1139,2422902,DELI,160.29
2016-09-25,41,1306,2424684,DELI,282.936
2016-09-26,41,952,2426466,DELI,207.801
2016-09-27,41,879,2428248,DELI,133.404
2016-09-28,41,875,2430030,DELI,148.404
2016-09-29,41,861,2431812,DELI,116.951
2016-09-30,41,949,2433594,DELI,147.173
2016-10-01,41,1278,2435376,DELI,295.113
2016-10-02,41,1373,2437158,DELI,287.582
2016-10-03,41,1019,2438940,DELI,209.945
2016-10-04,41,936,2440722,DELI,156.194
2016-10-05,41,1026,2442504,DELI,179.686
2016-10-06,41,1247,2444286,DELI,159.543
2016-10-07,41,948,2446068,DELI,142.089
2016-10-08,41,1212,2447850,DELI,199.717
2016-10-09,41,1373,2449632,DELI,311.975
2016-10-10,41,968,2451414,DELI,223.772
2016-10-11,41,867,2453196,DELI,158.641
2016-10-12,41,1001,2454978,DELI,175.516
2016-10-13,41,898,2456760,DELI,141.054
2016-10-14,41,1277,2458542,DELI,188.615
2016-10-15,41,1326,2460324,DELI,216.981
2016-10-16,41,1376,2462106,DELI,281.106
2016-10-17,41,955,2463888,DELI,217.923
2016-10-18,41,888,2465670,DELI,148.256
2016-10-19,41,961,2467452,DELI,189.32
2016-10-20,41,936,2469234,DELI,186.667
2016-10-21,41,992,2471016,DELI,188.012
2016-10-22,41,1148,2472798,DELI,191.098
2016-10-23,41,1339,2474580,DELI,296.277
2016-10-24,41,1322,2476362,DELI,189.036
2016-10-25,41,887,2478144,DELI,197.437
2016-10-26,41,902,2479926,DELI,164.88
2016-10-27,41,903,2481708,DELI,160.202
2016-10-28,41,952,2483490,DELI,209.794
2016-10-29,41,1212,2485272,DELI,227.962
2016-10-30,41,1258,2487054,DELI,350.049
2016-10-31,41,962,2488836,DELI,177.177
2016-11-01,41,1171,2490618,DELI,260.055
2016-11-02,41,1295,2492400,DELI,324.427
2016-11-03,41,1183,2494182,DELI,312.732
2016-11-04,41,1202,2495964,DELI,299.586
2016-11-05,41,1195,2497746,DELI,235.721
2016-11-06,41,1369,2499528,DELI,440.466
2016-11-07,41,1260,2501310,DELI,254.74
2016-11-08,41,953,2503092,DELI,214.918
2016-11-09,41,1048,2504874,DELI,237.115
2016-11-10,41,900,2506656,DELI,176.073
2016-11-11,41,1071,2508438,DELI,272.361
2016-11-12,41,1199,2510220,DELI,282.941
2016-11-13,41,1485,2512002,DELI,432.789
2016-11-14,41,998,2513784,DELI,224.585
2016-11-15,41,936,2515566,DELI,190.35
2016-11-16,41,1275,2517348,DELI,206.759
2016-11-17,41,990,2519130,DELI,205.812
2016-11-18,41,1110,2520912,DELI,178.123
2016-11-19,41,1318,2522694,DELI,225.249
2016-11-20,41,1381,2524476,DELI,312.329
2016-11-21,41,1045,2526258,DELI,182.606
2016-11-22,41,1037,2528040,DELI,182.479
2016-11-23,41,1047,2529822,DELI,213.911
2016-11-24,41,846,2531604,DELI,163.049
2016-11-25,41,1256,2533386,DELI,294.632
2016-11-26,41,1295,2535168,DELI,281.515
2016-11-27,41,1433,2536950,DELI,272.894
2016-11-28,41,992,2538732,DELI,219.057
2016-11-29,41,933,2540514,DELI,186.962
2016-11-30,41,1037,2542296,DELI,222.862
2016-12-01,41,1003,2544078,DELI,201.157
2016-12-02,41,1123,2545860,DELI,245.425
2016-12-03,41,1305,2547642,DELI,285.883
2016-12-04,41,1518,2549424,DELI,332.366
2016-12-05,41,1110,2551206,DELI,234.89
2016-12-06,41,1069,2552988,DELI,205.785
2016-12-07,41,1195,2554770,DELI,243.728
2016-12-08,41,980,2556552,DELI,210.493
2016-12-09,41,1110,2558334,DELI,231.4
2016-12-10,41,1282,2560116,DELI,240.769
2016-12-11,41,1431,2561898,DELI,323.67
2016-12-12,41,1113,2563680,DELI,260.051
2016-12-13,41,1115,2565462,DELI,207.645
2016-12-14,41,1178,2567244,DELI,188.07
2016-12-15,41,1233,2569026,DELI,185.902
2016-12-16,41,1265,2570808,DELI,211.452
2016-12-17,41,1552,2572590,DELI,235.214
2016-12-18,41,1744,2574372,DELI,363.22
2016-12-19,41,1444,2576154,DELI,286.426
2016-12-20,41,1610,2577936,DELI,274.033
2016-12-21,41,1890,2579718,DELI,335.706
2016-12-22,41,1934,2581500,DELI,282.421
2016-12-23,41,2373,2583282,DELI,416.642
2016-12-24,41,2413,2585064,DELI,363.095
2016-12-26,41,1451,2586846,DELI,280.964
2016-12-27,41,1190,2588628,DELI,245.148
2016-12-28,41,1391,2590410,DELI,274.526
2016-12-29,41,1471,2592192,DELI,263.802
2016-12-30,41,1719,2593974,DELI,352.281
2016-12-31,41,1910,2595756,DELI,345.823
2017-01-02,41,1420,2599320,DELI,386.767
2017-01-03,41,1236,2601102,DELI,287.128
2017-01-04,41,1270,2602884,DELI,233.834
2017-01-05,41,1068,2604666,DELI,209.298
2017-01-06,41,1106,2606448,DELI,187.684
2017-01-07,41,1308,2608230,DELI,247.291
2017-01-08,41,1355,2610012,DELI,282.365
2017-01-09,41,1017,2611794,DELI,178.097
2017-01-10,41,875,2613576,DELI,146.36
2017-01-11,41,1085,2615358,DELI,154.054
2017-01-12,41,957,2617140,DELI,133.982
2017-01-13,41,1066,2618922,DELI,192.417
2017-01-14,41,1260,2620704,DELI,233.815
2017-01-15,41,1421,2622486,DELI,311.675
2017-01-16,41,1007,2624268,DELI,174.325
2017-01-17,41,995,2626050,DELI,184.276
2017-01-18,41,1089,2627832,DELI,217.941
2017-01-19,41,1188,2629614,DELI,130.167
2017-01-20,41,1047,2631396,DELI,200.4
2017-01-21,41,1263,2633178,DELI,232.61
2017-01-22,41,1329,2634960,DELI,305.91
2017-01-23,41,992,2636742,DELI,251.524
2017-01-24,41,1304,2638524,DELI,213.551
2017-01-25,41,1474,2640306,DELI,239.527
2017-01-26,41,1190,2642088,DELI,157.14
2017-01-27,41,1024,2643870,DELI,155.96
2017-01-28,41,1303,2645652,DELI,276.795
2017-01-29,41,1341,2647434,DELI,275.914
2017-01-30,41,902,2649216,DELI,180.305
2017-01-31,41,952,2650998,DELI,176.008
2017-02-01,41,1288,2652780,DELI,256.749
2017-02-02,41,952,2654562,DELI,165.635
2017-02-03,41,1339,2656344,DELI,195.679
2017-02-04,41,1432,2658126,DELI,300.67
2017-02-05,41,1561,2659908,DELI,372.115
2017-02-06,41,1015,2661690,DELI,197.064
2017-02-07,41,1003,2663472,DELI,200.277
2017-02-08,41,1220,2665254,DELI,160.689
2017-02-09,41,1004,2667036,DELI,145.626
2017-02-10,41,1054,2668818,DELI,179.488
2017-02-11,41,1200,2670600,DELI,195.81
2017-02-12,41,1344,2672382,DELI,320.22
2017-02-13,41,1180,2674164,DELI,200.451
2017-02-14,41,1360,2675946,DELI,122.986
2017-02-15,41,1092,2677728,DELI,182.887
2017-02-16,41,841,2679510,DELI,154.561
2017-02-17,41,1101,2681292,DELI,238.688
2017-02-18,41,1337,2683074,DELI,264.024
2017-02-19,41,1066,2684856,DELI,244.564
2017-02-20,41,984,2686638,DELI,219.59
2017-02-21,41,922,2688420,DELI,182.97
2017-02-22,41,1040,2690202,DELI,201.936
2017-02-23,41,993,2691984,DELI,136.307
2017-02-24,41,1090,2693766,DELI,272.825
2017-02-25,41,1425,2695548,DELI,214.083
2017-02-26,41,1097,2697330,DELI,204.162
2017-02-27,41,1055,2699112,DELI,155.172
2017-02-28,41,1171,2700894,DELI,204.676
2017-03-01,41,1152,2702676,DELI,228.599
2017-03-02,41,1039,2704458,DELI,242.766
2017-03-03,41,1094,2706240,DELI,195.957
2017-03-04,41,1191,2708022,DELI,239.946
2017-03-05,41,1058,2709804,DELI,244.142
2017-03-06,41,1065,2711586,DELI,254.368
2017-03-07,41,1034,2713368,DELI,206.314
2017-03-08,41,1169,2715150,DELI,172.251
2017-03-09,41,954,2716932,DELI,191.356
2017-03-10,41,975,2718714,DELI,205.047
2017-03-11,41,1276,2720496,DELI,288.179
2017-03-12,41,1267,2722278,DELI,303.206
2017-03-13,41,953,2724060,DELI,219.239
2017-03-14,41,1006,2725842,DELI,165.943
2017-03-15,41,1121,2727624,DELI,196.893
2017-03-16,41,1160,2729406,DELI,212.167
2017-03-17,41,1120,2731188,DELI,215.806
2017-03-18,41,1275,2732970,DELI,265.849
2017-03-19,41,1423,2734752,DELI,285.019
2017-03-20,41,1023,2736534,DELI,177.312
2017-03-21,41,983,2738316,DELI,179.427
2017-03-22,41,1063,2740098,DELI,205.15
2017-03-23,41,867,2741880,DELI,156.923
2017-03-24,41,1026,2743662,DELI,267.251
2017-03-25,41,1243,2745444,DELI,282.481
2017-03-26,41,1291,2747226,DELI,325.915
2017-03-27,41,1026,2749008,DELI,195.842
2017-03-28,41,979,2750790,DELI,215.751
2017-03-29,41,1122,2752572,DELI,231.39
2017-03-30,41,772,2754354,DELI,121.87
2017-03-31,41,1228,2756136,DELI,251.715
2017-04-01,41,1461,2757918,DELI,373.331
2017-04-02,41,1400,2759700,DELI,306.25
2017-04-03,41,1107,2761482,DELI,235.734
2017-04-04,41,1101,2763264,DELI,228.94
2017-04-05,41,1112,2765046,DELI,180.707
2017-04-06,41,982,2766828,DELI,165.625
2017-04-07,41,1098,2768610,DELI,239.149
2017-04-08,41,1179,2770392,DELI,204.59799
2017-04-09,41,1284,2772174,DELI,271.237
2017-04-10,41,1050,2773956,DELI,181.074
2017-04-11,41,980,2775738,DELI,182.416
2017-04-12,41,1144,2777520,DELI,198.859
2017-04-13,41,985,2779302,DELI,174.602
2017-04-14,41,1097,2781084,DELI,172.161
2017-04-15,41,1201,2782866,DELI,253.36101
2017-04-16,41,1223,2784648,DELI,250.44
2017-04-17,41,1048,2786430,DELI,210.245
2017-04-18,41,947,2788212,DELI,194.701
2017-04-19,41,934,2789994,DELI,159.761
2017-04-20,41,1045,2791776,DELI,200.234
2017-04-21,41,971,2793558,DELI,216.103
2017-04-22,41,1181,2795340,DELI,245.718
2017-04-23,41,1300,2797122,DELI,296.132
2017-04-24,41,1200,2798904,DELI,288.383
2017-04-25,41,1007,2800686,DELI,211.984
2017-04-26,41,1103,2802468,DELI,223.214
2017-04-27,41,967,2804250,DELI,178.699
2017-04-28,41,1081,2806032,DELI,201.471
2017-04-29,41,1229,2807814,DELI,272.093
2017-04-30,41,1434,2809596,DELI,312.789
2017-05-01,41,1460,2811378,DELI,359.898
2017-05-02,41,1096,2813160,DELI,246.303
2017-05-03,41,1223,2814942,DELI,273.976
2017-05-04,41,947,2816724,DELI,193.153
2017-05-05,41,1079,2818506,DELI,161.346
2017-05-06,41,1350,2820288,DELI,226.744
2017-05-07,41,1451,2822070,DELI,407.023
2017-05-08,41,994,2823852,DELI,163.095
2017-05-09,41,949,2825634,DELI,219.668
2017-05-10,41,1063,2827416,DELI,186.55
2017-05-11,41,1005,2829198,DELI,165.412
2017-05-12,41,1139,2830980,DELI,186.401
2017-05-13,41,1831,2832762,DELI,286.183
2017-05-14,41,1627,2834544,DELI,229.89
2017-05-15,41,1127,2836326,DELI,247.635
2017-05-16,41,1031,2838108,DELI,194.11
2017-05-17,41,1084,2839890,DELI,167.14
2017-05-18,41,900,2841672,DELI,202.365
2017-05-19,41,1070,2843454,DELI,216.308
2017-05-20,41,1264,2845236,DELI,280.062
2017-05-21,41,1541,2847018,DELI,420.415
2017-05-22,41,1096,2848800,DELI,198.977
2017-05-23,41,997,2850582,DELI,167.299
2017-05-24,41,994,2852364,DELI,208.148
2017-05-25,41,943,2854146,DELI,201.584
2017-05-26,41,1318,2855928,DELI,302.25
2017-05-27,41,1362,2857710,DELI,293.123
2017-05-28,41,1410,2859492,DELI,336.157
2017-05-29,41,1143,2861274,DELI,216.306
2017-05-30,41,1013,2863056,DELI,201.88
2017-05-31,41,1224,2864838,DELI,202.225
2017-06-01,41,1117,2866620,DELI,245.077
2017-06-02,41,1074,2868402,DELI,218.811
2017-06-03,41,1331,2870184,DELI,276.104
2017-06-04,41,1654,2871966,DELI,436.257
2017-06-05,41,1163,2873748,DELI,205.522
2017-06-06,41,995,2875530,DELI,241.968
2017-06-07,41,1156,2877312,DELI,228.971
2017-06-08,41,984,2879094,DELI,183.621
2017-06-09,41,1078,2880876,DELI,196.703
2017-06-10,41,1258,2882658,DELI,315.786
2017-06-11,41,1495,2884440,DELI,415.667
2017-06-12,41,1035,2886222,DELI,217.978
2017-06-13,41,1025,2888004,DELI,162.184
2017-06-14,41,1111,2889786,DELI,194.069
2017-06-15,41,1025,2891568,DELI,171.276
2017-06-16,41,1266,2893350,DELI,284.9
2017-06-17,41,1623,2895132,DELI,345.086
2017-06-18,41,1558,2896914,DELI,313.353
2017-06-19,41,1050,2898696,DELI,257.093
2017-06-20,41,1010,2900478,DELI,197.31
2017-06-21,41,1051,2902260,DELI,219.227
2017-06-22,41,1004,2904042,DELI,161.039
2017-06-23,41,1078,2905824,DELI,221.911
2017-06-24,41,1246,2907606,DELI,220.806
2017-06-25,41,1373,2909388,DELI,299.043
2017-06-26,41,1141,2911170,DELI,289.642
2017-06-27,41,1029,2912952,DELI,185.276
2017-06-28,41,1122,2914734,DELI,215.724
2017-06-29,41,999,2916516,DELI,194.058
2017-06-30,41,1117,2918298,DELI,216.623
2017-07-01,41,1430,2920080,DELI,346.505
2017-07-02,41,1603,2921862,DELI,465.004
2017-07-03,41,1177,2923644,DELI,273.079
2017-07-04,41,1109,2925426,DELI,212.322
2017-07-05,41,1200,2927208,DELI,265.962
2017-07-06,41,1048,2928990,DELI,194.05
2017-07-07,41,1092,2930772,DELI,206.373
2017-07-08,41,1335,2932554,DELI,237.783
2017-07-09,41,1523,2934336,DELI,490.595
2017-07-10,41,1114,2936118,DELI,274.367
2017-07-11,41,1020,2937900,DELI,223.683
2017-07-12,41,1076,2939682,DELI,237.161
2017-07-13,41,966,2941464,DELI,157.278
2017-07-14,41,1165,2943246,DELI,203.686
2017-07-15,41,1391,2945028,DELI,334.411
2017-07-16,41,1523,2946810,DELI,356.017
2017-07-17,41,1085,2948592,DELI,279.009
2017-07-18,41,1029,2950374,DELI,212.333
2017-07-19,41,1150,2952156,DELI,216.20801
2017-07-20,41,1128,2953938,DELI,156.933
2017-07-21,41,1168,2955720,DELI,195.254
2017-07-22,41,1379,2957502,DELI,269.582
2017-07-23,41,1460,2959284,DELI,386.762
2017-07-24,41,1142,2961066,DELI,240.231
2017-07-25,41,1033,2962848,DELI,208.278
2017-07-26,41,1171,2964630,DELI,185.303
2017-07-27,41,956,2966412,DELI,165.357
2017-07-28,41,1176,2968194,DELI,251.106
2017-07-29,41,1343,2969976,DELI,294.674
2017-07-30,41,1469,2971758,DELI,328.748
2017-07-31,41,1118,2973540,DELI,211.972
2017-08-01,41,1178,2975322,DELI,249.967
2017-08-02,41,1291,2977104,DELI,253.845
2017-08-03,41,1088,2978886,DELI,178.152
2017-08-04,41,1117,2980668,DELI,219.54
2017-08-05,41,1355,2982450,DELI,234.041
2017-08-06,41,1540,2984232,DELI,377.674
2017-08-07,41,1102,2986014,DELI,169.376
2017-08-08,41,1006,2987796,DELI,180.851
2017-08-09,41,1182,2989578,DELI,164.419
2017-08-10,41,1034,2991360,DELI,205.926
2017-08-11,41,1316,2993142,DELI,267.677
2017-08-12,41,1254,2994924,DELI,226.036
2017-08-13,41,1346,2996706,DELI,267.471
2017-08-14,41,1045,2998488,DELI,161.884
2017-08-15,41,1003,3000270,DELI,170.607
